{
  "AttackLeft": {
    "Frame0": [ 129.0, 129.0, 1.0, 1.0 ],
    "Frame1": [ 259.0, 129.0, 131.0, 1.0 ],
    "Frame2": [ 389.0, 129.0, 261.0, 1.0 ],
    "Frame3": [ 519.0, 129.0, 391.0, 1.0 ],
    "NumFrames": 4,
    "Repeating": false,
    "SecsPerFrame": 0.16670000553131104
  },
  "AttackRight": {
    "Frame0": [ 1.0, 129.0, 129.0, 1.0 ],
    "Frame1": [ 131.0, 129.0, 259.0, 1.0 ],
    "Frame2": [ 261.0, 129.0, 389.0, 1.0 ],
    "Frame3": [ 391.0, 129.0, 519.0, 1.0 ],
    "NumFrames": 4,
    "Repeating": false,
    "SecsPerFrame": 0.16670000553131104
  },
  "IdleLeft": {
    "Frame0": [ 649.0, 129.0, 521.0, 1.0 ],
    "Frame1": [ 779.0, 129.0, 651.0, 1.0 ],
    "Frame2": [ 129.0, 259.0, 1.0, 131.0 ],
    "Frame3": [ 259.0, 259.0, 131.0, 131.0 ],
    "NumFrames": 4,
    "Repeating": true,
    "SecsPerFrame": 0.16670000553131104
  },
  "IdleRight": {
    "Frame0": [ 521.0, 129.0, 649.0, 1.0 ],
    "Frame1": [ 651.0, 129.0, 779.0, 1.0 ],
    "Frame2": [ 1.0, 259.0, 129.0, 131.0 ],
    "Frame3": [ 131.0, 259.0, 259.0, 131.0 ],
    "NumFrames": 4,
    "Repeating": true,
    "SecsPerFrame": 0.16670000553131104
  },
  "JumpRight": {
    "Frame0": [ 261.0, 259.0, 389.0, 131.0 ],
    "Frame1": [ 391.0, 259.0, 519.0, 131.0 ],
    "Frame2": [ 521.0, 259.0, 649.0, 131.0 ],
    "Frame3": [ 651.0, 259.0, 779.0, 131.0 ],
    "Frame4": [ 1.0, 389.0, 129.0, 261.0 ],
    "Frame5": [ 131.0, 389.0, 259.0, 261.0 ],
    "Frame6": [ 261.0, 389.0, 389.0, 261.0 ],
    "Frame7": [ 391.0, 389.0, 519.0, 261.0 ],
    "NumFrames": 8,
    "Repeating": false,
    "SecsPerFrame": 0.16670000553131104
  },
  "JumpLeft": {
    "Frame0": [ 389.0, 259.0, 261.0, 131.0 ],
    "Frame1": [ 519.0, 259.0, 391.0, 131.0 ],
    "Frame2": [ 649.0, 259.0, 521.0, 131.0 ],
    "Frame3": [ 779.0, 259.0, 651.0, 131.0 ],
    "Frame4": [ 129.0, 389.0, 1.0, 261.0 ],
    "Frame5": [ 259.0, 389.0, 131.0, 261.0 ],
    "Frame6": [ 389.0, 389.0, 261.0, 261.0 ],
    "Frame7": [ 519.0, 389.0, 391.0, 261.0 ],
    "NumFrames": 8,
    "Repeating": false,
    "SecsPerFrame": 0.16670000553131104
  },
  "RunLeft": {
    "Frame0": [ 649.0, 389.0, 521.0, 261.0 ],
    "Frame1": [ 779.0, 389.0, 261.0, 261.0 ],
    "Frame2": [ 129.0, 519.0, 1.0, 391.0 ],
    "Frame3": [ 259.0, 519.0, 131.0, 391.0 ],
    "Frame4": [ 389.0, 519.0, 261.0, 391.0 ],
    "Frame5": [ 519.0, 519.0, 391.0, 391.0 ],
    "NumFrames": 6,
    "Repeating": true,
    "SecsPerFrame": 0.16670000553131104
  },
  "RunRight": {
    "Frame0": [ 521.0, 389.0, 649.0, 261.0 ],
    "Frame1": [ 261.0, 389.0, 779.0, 261.0 ],
    "Frame2": [ 1.0, 519.0, 129.0, 391.0 ],
    "Frame3": [ 131.0, 519.0, 259.0, 391.0 ],
    "Frame4": [ 261.0, 519.0, 389.0, 391.0 ],
    "Frame5": [ 391.0, 519.0, 519.0, 391.0 ],
    "NumFrames": 6,
    "Repeating": true,
    "SecsPerFrame": 0.16670000553131104
  },
  "WalkLeft": {
    "Frame0": [ 649.0, 519.0, 521.0, 391.0 ],
    "Frame1": [ 779.0, 519.0, 651.0, 391.0 ],
    "Frame2": [ 129.0, 649.0, 1.0, 521.0 ],
    "Frame3": [ 259.0, 649.0, 131.0, 521.0 ],
    "Frame4": [ 389.0, 649.0, 261.0, 521.0 ],
    "Frame5": [ 519.0, 649.0, 391.0, 521.0 ],
    "NumFrames": 6,
    "Repeating": true,
    "SecsPerFrame": 0.16670000553131104
  },
  "WalkRight": {
    "Frame0": [ 521.0, 519.0, 649.0, 391.0 ],
    "Frame1": [ 651.0, 519.0, 779.0, 391.0 ],
    "Frame2": [ 1.0, 649.0, 129.0, 521.0 ],
    "Frame3": [ 131.0, 649.0, 259.0, 521.0 ],
    "Frame4": [ 261.0, 649.0, 389.0, 521.0 ],
    "Frame5": [ 391.0, 649.0, 519.0, 521.0 ],
    "NumFrames": 6,
    "Repeating": true,
    "SecsPerFrame": 0.16670000553131104
  },
  "PushLeft": {
    "Frame0": [ 649.0, 649.0, 521.0, 521.0 ],
    "Frame1": [ 779.0, 649.0, 651.0, 521.0 ],
    "Frame2": [ 129.0, 779.0, 1.0, 651.0 ],
    "Frame3": [ 259.0, 779.0, 131.0, 651.0 ],
    "Frame4": [ 389.0, 779.0, 261.0, 651.0 ],
    "Frame5": [ 519.0, 779.0, 391.0, 651.0 ],
    "NumFrames": 6,
    "Repeating": true,
    "SecsPerFrame": 0.16670000553131104
  },
  "PushRight": {
    "Frame0": [ 521.0, 649.0, 649, 521.0 ],
    "Frame1": [ 651.0, 649.0, 779.0, 521.0 ],
    "Frame2": [ 1.0, 779.0, 129.0, 651.0 ],
    "Frame3": [ 131.0, 779.0, 259.0, 651.0 ],
    "Frame4": [ 261.0, 779.0, 389.0, 651.0 ],
    "Frame5": [ 391.0, 779.0, 519.0, 651.0 ],
    "NumFrames": 6,
    "Repeating": true,
    "SecsPerFrame": 0.16670000553131104
  },
  "DeathLeft": {
    "Frame0": [ 649.0, 779.0, 521.0, 651.0 ],
    "Frame1": [ 779.0, 779.0, 651.0, 651.0 ],
    "Frame2": [ 909.0, 129.0, 781.0, 1.0 ],
    "Frame3": [ 909.0, 259.0, 781.0, 131.0 ],
    "Frame4": [ 909.0, 389.0, 781.0, 261.0 ],
    "Frame5": [ 909.0, 519.0, 781.0, 391.0 ],
    "Frame6": [ 909.0, 649.0, 781.0, 521.0 ],
    "Frame7": [ 909.0, 779.0, 781.0, 651.0 ],
    "NumFrames": 8,
    "Repeating": false,
    "SecsPerFrame": 0.16670000553131104
  },
  "DeathRight": {
    "Frame0": [ 521.0, 779.0, 649.0, 651.0 ],
    "Frame1": [ 651.0, 779.0, 779.0, 651.0 ],
    "Frame2": [ 781.0, 129.0, 909.0, 1.0 ],
    "Frame3": [ 781.0, 259.0, 909.0, 131.0 ],
    "Frame4": [ 781.0, 389.0, 909.0, 261.0 ],
    "Frame5": [ 781.0, 519.0, 909.0, 391.0 ],
    "Frame6": [ 781.0, 649.0, 909.0, 521.0 ],
    "Frame7": [ 781.0, 779.0, 909.0, 651.0 ],
    "NumFrames": 8,
    "Repeating": false,
    "SecsPerFrame": 0.16670000553131104
  }
}